platform,url,account
Amazon,https://music.amazon.com/tracks/B0C7YLYDMB?marketplaceId=ATVPDKIKX0DER&musicTerritory=US&ref=dm_sh_2v1gU33geCOUebnrdHfEu5PLZ,
Amazon,https://music.amazon.com/tracks/B0CDMDC47F?marketplaceId=ATVPDKIKX0DER&musicTerritory=US&ref=dm_sh_e4Xb42H8jrGYL36FWYLFGa4Xt,
Amazon,https://music.amazon.com/tracks/B0C7YQVYXJ?marketplaceId=ATVPDKIKX0DER&musicTerritory=US&ref=dm_sh_i9APlRxN3yjqYxXVuigjPGfq8,
Amazon,https://music.amazon.com/tracks/B0C7YLSZD8?marketplaceId=ATVPDKIKX0DER&musicTerritory=US&ref=dm_sh_DlFKTNE2oxVk4VxplTL5vTvG1,
Amazon,https://music.amazon.com/tracks/B0C7YBXT1V?marketplaceId=ATVPDKIKX0DER&musicTerritory=US&ref=dm_sh_EORFgIZGvVsqT3gqhMlIWPy9L,
Amazon,https://music.amazon.com/tracks/B0C7YH8GNJ?marketplaceId=ATVPDKIKX0DER&musicTerritory=US&ref=dm_sh_vtjHJo959gubME5u67A1lfb8F,
Amazon,https://music.amazon.com/tracks/B0C7Z4JJ73?marketplaceId=ATVPDKIKX0DER&musicTerritory=US&ref=dm_sh_VGkBhzTFqz82cuITnvqmCYKSn,
Amazon,https://music.amazon.com/tracks/B0C7YSB4DY?marketplaceId=ATVPDKIKX0DER&musicTerritory=US&ref=dm_sh_FyrhMwEobhzxb2n9emhoK4fMT,
Amazon,https://music.amazon.com/tracks/B0C7YNM4NW?marketplaceId=ATVPDKIKX0DER&musicTerritory=US&ref=dm_sh_MA8WtomToZEjrFIxFweGQNp1l,
Amazon,https://music.amazon.com/tracks/B0C7YJXX1Z?marketplaceId=ATVPDKIKX0DER&musicTerritory=US&ref=dm_sh_3FL2bHuwhobRNkqcIbDKMoeFn,
Amazon,https://music.amazon.com/tracks/B0C7YLXZZM?marketplaceId=ATVPDKIKX0DER&musicTerritory=US&ref=dm_sh_MCpUB1gC0m8WhncyNGF2CSSmR,
Amazon,https://music.amazon.com/tracks/B0C7Y5RJCJ?marketplaceId=ATVPDKIKX0DER&musicTerritory=US&ref=dm_sh_r1xB2zq4OVtrM78BgohgkROCZ,
Amazon,https://music.amazon.com/tracks/B0C7YJGBFD?marketplaceId=ATVPDKIKX0DER&musicTerritory=US&ref=dm_sh_HeEjE2nTbj6kHdlJnisTG9bns,
Amazon,https://music.amazon.com/tracks/B0C7Z2MJ6F?marketplaceId=ATVPDKIKX0DER&musicTerritory=US&ref=dm_sh_pJzpe8uqlY0tt8qZAdwYN0jN2,
Amazon,https://music.amazon.com/tracks/B0C7YP98KH?marketplaceId=ATVPDKIKX0DER&musicTerritory=US&ref=dm_sh_QU56AZn0QzJ1pNL8h5PQZDhiI,
Amazon,https://music.amazon.com/tracks/B0C7YV6TFB?marketplaceId=ATVPDKIKX0DER&musicTerritory=US&ref=dm_sh_EJYWVsgMh2b8RHs4rdOVqGooL,
Amazon,https://music.amazon.com/tracks/B0DKKYR336?marketplaceId=ATVPDKIKX0DER&musicTerritory=US&ref=dm_sh_31nwfsXnNuDVMMKwSIoMKr15y,
Amazon,https://music.amazon.com/tracks/B0DKKZ5KPH?marketplaceId=ATVPDKIKX0DER&musicTerritory=US&ref=dm_sh_TPohAvNPH8pRUvaP1CACqJzsO,
Amazon,https://music.amazon.com/tracks/B0DKL2RQZR?marketplaceId=ATVPDKIKX0DER&musicTerritory=US&ref=dm_sh_b90qeBzWLaHU7eNM05qzpqxKC,
Amazon,https://music.amazon.com/tracks/B0DKL2QZFN?marketplaceId=ATVPDKIKX0DER&musicTerritory=US&ref=dm_sh_Xu4cXZatqokaSb6UqatfhI949,
Amazon,https://music.amazon.com/tracks/B0DKKR7X8V?marketplaceId=ATVPDKIKX0DER&musicTerritory=US&ref=dm_sh_rmwbXjT5JR9f5tlaJkzxcOORq,
Amazon,https://music.amazon.com/tracks/B0DKKY7S6W?marketplaceId=ATVPDKIKX0DER&musicTerritory=US&ref=dm_sh_1nmQV5ENtq26XgrBiwRXcd7n2,
Amazon,https://music.amazon.com/tracks/B0DKKJ8WS2?marketplaceId=ATVPDKIKX0DER&musicTerritory=US&ref=dm_sh_yZSD1RPjTGRKKbmLF6kteV7FM,
Amazon,https://music.amazon.com/tracks/B0DKL2QZFQ?marketplaceId=ATVPDKIKX0DER&musicTerritory=US&ref=dm_sh_h7j96FCS08nFatlw22pdmCqla,
Amazon,https://music.amazon.com/tracks/B0DKKPL5M2?marketplaceId=ATVPDKIKX0DER&musicTerritory=US&ref=dm_sh_Mgx65PcXfmtvi9WjjBYkQ4Q1l,
Amazon,https://music.amazon.com/tracks/B0DKKVFYHZ?marketplaceId=ATVPDKIKX0DER&musicTerritory=US&ref=dm_sh_vCzRVR9ZzkrrUR5GJPYUHDCLN,
Amazon,https://music.amazon.com/tracks/B0DKKVFYHZ?marketplaceId=ATVPDKIKX0DER&musicTerritory=US&ref=dm_sh_t2RLsNxx1z4WZOrVwyv6H6zbd,
Amazon,https://music.amazon.com/tracks/B0DKKQBBNW?marketplaceId=ATVPDKIKX0DER&musicTerritory=US&ref=dm_sh_TCVdnkzALJfiZI9ZSCL2xLRRU,
Amazon,https://music.amazon.com/tracks/B0DKKQBBNW?marketplaceId=ATVPDKIKX0DER&musicTerritory=US&ref=dm_sh_Zt6CxvqgQh8whJwHW2KmSIL5l,
Amazon,https://music.amazon.com/tracks/B0DKKVFYHZ?marketplaceId=ATVPDKIKX0DER&musicTerritory=US&ref=dm_sh_IY5qtqvhLu8gG6HBXvEanc3cf,
Amazon,https://music.amazon.com/tracks/B0DKKPL5M2?marketplaceId=ATVPDKIKX0DER&musicTerritory=US&ref=dm_sh_p7XzChBAAAsBEOCoeGWp5O3tN,
Amazon,https://music.amazon.com/tracks/B0BDPK46YK?marketplaceId=ATVPDKIKX0DER&musicTerritory=US&ref=dm_sh_V2uK608TFj3DECgO0IvcDiEKu,
Amazon,https://music.amazon.com/tracks/B0BDQDBB43?marketplaceId=ATVPDKIKX0DER&musicTerritory=US&ref=dm_sh_fpOfoK4kMINtlwr8PBuTwAWPA,
Amazon,https://music.amazon.com/tracks/B0BDPKXYHK?marketplaceId=ATVPDKIKX0DER&musicTerritory=US&ref=dm_sh_UNyN4lFJfPz0uwvdUhzYLHl7e,
Amazon,https://music.amazon.com/tracks/B0BDNQ8N44?marketplaceId=ATVPDKIKX0DER&musicTerritory=US&ref=dm_sh_s9i9h3krHmzRd5Mj8K5EMCC8d,
Amazon,https://music.amazon.com/tracks/B0BDPS6M22?marketplaceId=ATVPDKIKX0DER&musicTerritory=US&ref=dm_sh_QVt7CozpBT2V6zaMx7qvESOtg,
Amazon,https://music.amazon.com/tracks/B0BDP1L9YH?marketplaceId=ATVPDKIKX0DER&musicTerritory=US&ref=dm_sh_wagNK3tuDZKU9eOYzItztZUN3,
Amazon,https://music.amazon.com/tracks/B0BDP1L9YH?marketplaceId=ATVPDKIKX0DER&musicTerritory=US&ref=dm_sh_9Jw4uBUVNAcVG8ZG0GjxdsQS2,
Amazon,https://music.amazon.com/tracks/B0BDNQ7BKN?marketplaceId=ATVPDKIKX0DER&musicTerritory=US&ref=dm_sh_TbdEtDVCV5d8ljrsuKzMiKZST,
Amazon,https://music.amazon.com/tracks/B0BDP73MS2?marketplaceId=ATVPDKIKX0DER&musicTerritory=US&ref=dm_sh_7o6KdBpQs72V6AGdfl6UtoTeE,
Amazon,https://music.amazon.com/tracks/B0BHF5VY96?marketplaceId=ATVPDKIKX0DER&musicTerritory=US&ref=dm_sh_EbZQdVHUVgDmIE5HxAEniwcmq,
Amazon,https://music.amazon.com/tracks/B0BHFGMK9T?marketplaceId=ATVPDKIKX0DER&musicTerritory=US&ref=dm_sh_SDK4DqeqTbpiEqaJlXwa45jLi,
Amazon,https://music.amazon.com/tracks/B0BHF3Y2RM?marketplaceId=ATVPDKIKX0DER&musicTerritory=US&ref=dm_sh_47yXSdPZlcY3f70qMgWNvLGT9,
Amazon,https://music.amazon.com/tracks/B0BHF4C738?marketplaceId=ATVPDKIKX0DER&musicTerritory=US&ref=dm_sh_x0uP63Y3RnKfKjzpZ5LzqW1uD,
Amazon,https://music.amazon.com/tracks/B0BHF5WBGF?marketplaceId=ATVPDKIKX0DER&musicTerritory=US&ref=dm_sh_5ndFcrIZgCOkns5FnZgAfCqyA,
Amazon,https://music.amazon.com/tracks/B0BHF6DHPQ?marketplaceId=ATVPDKIKX0DER&musicTerritory=US&ref=dm_sh_mIY5oniyzMn61hMcusPpcrdqk,
Amazon,https://music.amazon.com/tracks/B0BKTHQDGX?marketplaceId=ATVPDKIKX0DER&musicTerritory=US&ref=dm_sh_ssUfSiHJy285xL6cLprnRS2pd,
Amazon,https://music.amazon.com/tracks/B0BKTG2DYR?marketplaceId=ATVPDKIKX0DER&musicTerritory=US&ref=dm_sh_xybq3nzZMSX5wbsPmfPFv7pxT,
Amazon,https://music.amazon.com/tracks/B0BKTGKXB9?marketplaceId=ATVPDKIKX0DER&musicTerritory=US&ref=dm_sh_oUuBhvlZiZTQ2oQLWI4bKDTJB,
Amazon,https://music.amazon.com/tracks/B0BKTDTFPP?marketplaceId=ATVPDKIKX0DER&musicTerritory=US&ref=dm_sh_kUxrWHrox19zXQsmZnx1mYHth,
Amazon,https://music.amazon.com/tracks/B0BKTHDT5G?marketplaceId=ATVPDKIKX0DER&musicTerritory=US&ref=dm_sh_mQFB88GZneW1X0NggOPSvCx7B,
Amazon,https://music.amazon.com/tracks/B0BGJMH2SB,
Amazon,https://music.amazon.com/tracks/B0BGJKZY5F,
Amazon,https://music.amazon.com/tracks/B0BGJMLSFP,
Amazon,https://music.amazon.com/tracks/B0BGJPX6MF,
Amazon,https://music.amazon.com/tracks/B0BGJHL6VT,
Amazon,https://music.amazon.com/tracks/B0BGJHN3DK,
Amazon,https://music.amazon.com/tracks/B0BGJLY6BS,
Amazon,https://music.amazon.com/tracks/B0BGJMMGKK,
Amazon,https://music.amazon.com/tracks/B0BGJMN81N,
Amazon,https://music.amazon.com/tracks/B0BGJJZMDY,
Amazon,https://music.amazon.com/tracks/B0BGJLB712,
Amazon,https://music.amazon.com/tracks/B0BHHJ3L5K,
Amazon,https://music.amazon.com/tracks/B0BHH8RGDJ,
Amazon,https://music.amazon.com/tracks/B0BHHRWMML,
Amazon,https://music.amazon.com/tracks/B0BHHHHS2Y,
Amazon,https://music.amazon.com/tracks/B0BHHQMCN6,
Apple,https://music.apple.com/us/album/peppas-theme/1348650692?i=1348650693,
Apple,https://music.apple.com/us/album/merry-joyful-greetings/960773636?i=960773745,
Apple,https://music.apple.com/us/album/birdy-birdy-woof-woof-deutsch-version-germany/1728311749?i=1728312126,
Apple,https://music.apple.com/us/album/piraten-peppa-wutz-jolly-pirates-song-deutsche-coverversion/1751098427?i=1751098579,
Apple,https://music.apple.com/us/album/der-regenbogen-peppa-wutz-rainbow-song-deutsche-coverversion/1751098555?i=1751098573,
Apple,https://music.apple.com/us/album/urlaub-in-der-sonne-peppa-wutz-seaside-holiday-song/1751098434?i=1751098437,
Apple,https://music.apple.com/us/album/kleiner-stern-am-weihnachtsbaum-peppa-wutz-christmas/1751098430?i=1751098431,
Apple,https://music.apple.com/us/album/frohe-freudige-gr%C3%BC%C3%9Fe-peppa-wutz-merry-joyful-greetings/1751098347?i=1751098360,
Apple,https://music.apple.com/us/album/opas-kleine-eisenbahn-peppa-wutz-grandpas-little-train/1751098232?i=1751098233,
Apple,https://music.apple.com/us/album/die-r%C3%A4der-vom-bus-peppa-wutz-the-wheels-on-the-bus/1751095441?i=1751095563,
Apple,https://music.apple.com/us/album/der-fisch-im-glas-peppa-wutz-goldie-the-fish-the/1751095441?i=1751095559,
Apple,https://music.apple.com/us/album/zahlen-lernen-mit-peppa-wutz-counting-song-deutsche/1751095244?i=1751095404,
Apple,https://music.apple.com/us/album/wuff-wuff-miau-miau-peppa-wutz-birdy-woof-song-deutsche/1751095210?i=1751095218,
Apple,https://music.apple.com/us/album/nordstern-peppa-wutz-north-star-song-deutsche-coverversion/1751095202?i=1751095203,
Apple,https://music.apple.com/us/album/miss-polly-doctor/1728882387?i=1728882655,
Apple,https://music.apple.com/us/album/hey-diddle-diddle/1348691190?i=1348691899,
Apple,https://music.apple.com/us/album/granpa-little-train/1728900892?i=1728902677,
Apple,https://music.apple.com/us/album/seaside-holidays/1728900892?i=1728902428,
Apple,https://music.apple.com/us/album/seaside-holiday-instrumental/1510228236?i=1510228630,
Apple,https://music.apple.com/us/song/peppa-pig-theme-song-sped-up-dance-remix/1707877216,
Apple,https://music.apple.com/us/song/christmas-muddy-puddles/1692793669,
Apple,https://music.apple.com/us/album/under-our-spell-feat-the-dazzlings/1717660480?i=1717660481,
Apple,https://music.apple.com/us/album/the-dazzlings-under-our-spell-dubstep-remix/971996325?i=971996330,
Apple,https://music.apple.com/us/artist/my-little-pony/1292045191,
Apple,https://music.apple.com/us/album/my-little-pony-theme-song-extended-version/1646974321?i=1646974818,
Apple,https://music.apple.com/us/song/equestria-girls-cafeteria-song/1652046528,
Apple,https://music.apple.com/us/song/glowin-up/1584401069,
Apple,https://music.apple.com/us/song/time-to-come-together/1652046553,
Apple,https://music.apple.com/gb/song/fit-right-in/1584401073,
Apple,https://music.apple.com/gb/song/danger-danger/1584401072,
Apple,https://music.apple.com/us/album/pigs-diary/1503150513?i=1503151319,
Apple,https://music.apple.com/us/album/pat-a-cake-pat-a-cake/1348691190?i=1348691762,
Apple,https://music.apple.com/us/album/rainbow-rainbow-italian-song/1510228236?i=1510228254,
Apple,https://music.apple.com/us/album/recycling-recycling-italian-song/1510228236?i=1510228252,
Apple,https://music.apple.com/us/album/pig-end-titles-tv-credit-music/1510228236?i=1510228649,
Apple,https://music.apple.com/us/album/peppa-wutz-intro-opening-peppa-pig-deutsch-cover-version/1728304546?i=1728304907,
Apple,https://music.apple.com/us/album/train-song-deutsch-version-germany/1728304546?i=1728304915,
Apple,https://music.apple.com/us/album/miss-polly-had-a-dolly-deutsch-version-germany/1728304546?i=1728304916,
Apple,https://music.apple.com/us/album/birdy-birdy-woof-woof-deutsch-version-germany/1728304546?i=1728304917,
Apple,https://music.apple.com/us/album/counting-song-deutsch-version-germany/1728304546?i=1728304918,
Apple,https://music.apple.com/us/album/recycling-song-deutsch-version-germany/1728304546?i=1728304919,
Apple,https://music.apple.com/us/album/rainbow-song-deutsch-version-germany/1728304546?i=1728304920,
Apple,https://music.apple.com/us/album/seaside-holiday-deutsch-version-germany/1728304546?i=1728304921,
Apple,https://music.apple.com/us/album/jolly-pirates-deutsch-version-germany/1728304546?i=1728304922,
Apple,https://music.apple.com/us/album/peppa-wutz-peppa-pig-theme-song-germany-deutsch-coverversion/1728304546?i=1728304928,
Apple,https://music.apple.com/us/album/peppa-wutz-outro-ending-peppa-pig-deutsch-cover-version/1728304546?i=1728304929,
Apple,https://music.apple.com/us/album/grandpas-little-train-deutsch-version-germany/1728311749?i=1728312832,
Apple,https://music.apple.com/us/album/merry-joyful-greetings-deutsch-version-germany/1728311749?i=1728312838,
Apple,https://music.apple.com/us/album/christmas-tree-song-deutsch-version-germany/1728311749?i=1728312842,
Apple,https://music.apple.com/us/album/goldie-the-fish-the-wheels-on-the-bus/1728311749?i=1728312845,
Apple,https://music.apple.com/us/album/the-counting-italian-song/1510228236?i=1510228249,
Apple,https://music.apple.com/us/album/bing-bong-song-instrumental/1510228236?i=1510228488,
Apple,https://music.apple.com/us/album/the-counting-song-instrumental/1510228236?i=1510228501,
Apple,https://music.apple.com/us/album/merry-joyful-greetings-instrumental/1510228236?i=1510228646,
Apple,https://music.apple.com/us/album/fr%C3%A4ulein-polly-hatte-ein-dolly-peppa-wutz-miss-polly/1751095083?i=1751095085,
Apple,https://music.apple.com/us/album/zuglied-peppa-wutz-train-song-deutsche-coverversion/1751095343?i=1751095344,
Daily Motion,https://www.dailymotion.com/video/x6a3ri3,
Daily Motion,https://www.dailymotion.com/video/x55plam,
Daily Motion,https://www.dailymotion.com/video/x6qo0ol,
Daily Motion,https://www.dailymotion.com/video/x677r7l,
Daily Motion,https://www.dailymotion.com/video/x3q8zj4,
Daily Motion,https://www.dailymotion.com/video/x32ixcw,
Daily Motion,https://www.dailymotion.com/video/x599kz0,
Daily Motion,https://www.dailymotion.com/video/x6sg4zl,
Daily Motion,https://www.dailymotion.com/video/x6isc34,
Daily Motion,https://www.dailymotion.com/video/x2s6v69,
Daily Motion,https://www.dailymotion.com/video/x5emneg,
Daily Motion,https://www.dailymotion.com/video/x5cs6a4,
Daily Motion,https://www.dailymotion.com/video/x6obbat,
Daily Motion,https://www.dailymotion.com/video/x5a15yj,
Daily Motion,https://www.dailymotion.com/video/x3v236z,
Daily Motion,https://www.dailymotion.com/video/x3ht1iv,
Daily Motion,https://www.dailymotion.com/video/x18orir,
Facebook,https://www.facebook.com/shannon.watson.9876/posts/pfbid0252zHrTAQy8KgvVXZSEHGHMBSdGqcxPz5McFnsDWHfXXfjpSGeVSyBtWfNA6KD29Xl,
Facebook,https://www.facebook.com/richard.burgess.9022/posts/pfbid0LPveF3Bz3Q2zEVM8VaTptLQ1pmGUNpCFByTZJXs5NoeTLUE2VgH2ttmZeNn5JhsTl?__cft__[0]=AZUxrULHqZXMZY0OL_eONcKH2OZEAfMAwxPWp9B61fB_eNUavK45wzLQq6hommVBbJa9fKcutOKMSFNxGUbzwTn75Yiz2ERpoyI9qauT04KkbPJ-8eS3sJ3nBFPvEQ2yQMm7OFa59Nep6QhE63demxQxnL_EA38br9_7g4bapx5fIQ&__tn__=%2CO%2CP-R,
Facebook,https://www.facebook.com/reel/703356675266073,
Facebook,https://www.facebook.com/watch/?v=903592671249552,
Facebook,https://www.facebook.com/365boutique.us/videos/280833112426054/,
Facebook,https://www.facebook.com/JK22448/videos/1156825421934002/?__cft__[0]=AZVB10ssywb0FciW90s4AQ5tzE2pkEtGRWX72HjdI49dPI3qdf_eizuZe90BJm1lgGPUFF3TFEzC_qZsbACaiLlGl5tLw06qdIVpQmIAeQ3Ksi3_jZLBHGx5tJ0wko1S24gkvwVs5RMVmmRiAbMsYN0mKhY4SwmyG1RP0lMNu0usQtjmjpSAaUs4ypro7PRikhrlCksLX6-oex111jGFD-Hi&__tn__=%2CO%2CP-R,
Facebook,https://www.facebook.com/watch/?v=1603225600143734&ref=sharing,
Facebook,https://www.facebook.com/100009774011136/videos/507348306267632/,
Facebook,https://www.facebook.com/JgJhoelDrianMedripk/videos/969427691560782,
Facebook,https://www.facebook.com/ninja.2.official/videos/1330417704509703,
Facebook,https://www.facebook.com/xander.jastillana/videos/5425429800858421,
Facebook,https://www.facebook.com/1472291946193495/videos/1592020410887314,
Facebook,https://www.facebook.com/watch/?v=2132332436966957,
Facebook,https://www.facebook.com/296382738820130/videos/209022421318703,
Facebook,https://www.facebook.com/vilu286/videos/670450417497337,
Facebook,https://www.facebook.com/jean.bean.5891/videos/280113419171356,
Facebook,https://www.facebook.com/twilighticons/videos/351359054388165,
Facebook,https://www.facebook.com/LadyDarkGacha/videos/1769992603363001,
Facebook,https://www.facebook.com/100087873103491/videos/3595140890700129,
Facebook,https://www.facebook.com/groups/2156416971072258/?multi_permalinks=4692772150770048&hoisted_section_header_type=recently_seen,
Facebook,https://www.facebook.com/stay8isfate/videos/780418362438066,
Facebook,https://www.facebook.com/sgelive.id/videos/1739744556286342,
Facebook,https://www.facebook.com/groups/1789854997894432/?multi_permalinks=1981275548752375&hoisted_section_header_type=recently_seen,
Facebook,https://www.facebook.com/watch/?v=1156825421934002,
Soundcloud,https://soundcloud.com/micha-poczyczy-ski/shake-your-tail-remix,
Soundcloud,https://soundcloud.com/officialmimmusic/shake-your-tail-mim-remix,
Soundcloud,https://soundcloud.com/brandon-gilbert-4/mlp-equestria-girls-rr-exclusive-shake-your-tail,
Soundcloud,https://soundcloud.com/pony-rainbow-dash/mlp-equestria-girls-rainbow,
Soundcloud,https://soundcloud.com/petr-ka-a-1-kan-l/04-mlpeg-rainbow-rocks-shake-your-tail-itso-tf-series-1-4-v2-with-vocals,
Soundcloud,https://soundcloud.com/photon-wolfsky/hearts-strong-as-horses-wip,
Soundcloud,https://soundcloud.com/iamfilleg/hearts-strong-as-horses-cover,
Soundcloud,https://soundcloud.com/dukef-jenris/daniel-ingram-hearts-strong-as,
Soundcloud,https://soundcloud.com/silverfox300/hearts-as-strong-as-horses,
Soundcloud,https://soundcloud.com/scarlet-storm001/hearts-as-strong-as-horses,
Soundcloud,https://soundcloud.com/blackout-in-the-blizzard/mlp-fim-hearts-strong-as-horses,
Soundcloud,https://soundcloud.com/paloris_wips/daniel-ingram-hearts-strong-as-horses-paloris-remix-2,
Soundcloud,https://soundcloud.com/morninggloryg2/this-day-aria,
Soundcloud,https://soundcloud.com/keions4lyf/this-day-aria,
Soundcloud,https://soundcloud.com/trick-shoot/this-day-aria-colt-version,
Soundcloud,https://soundcloud.com/simona-vasileva/this-day-aria-simona-vess,
Soundcloud,https://soundcloud.com/bohdan-713046262/sets/peppa-pig,
Soundcloud,https://soundcloud.com/aflegg/sets/peppa-pig,
Soundcloud,https://soundcloud.com/donald-cass-132350433/sets/piggie-wiggle-peppa-pig,
Soundcloud,https://soundcloud.com/peppapigespanol/miss-rabbit-espanol,
Soundcloud,https://soundcloud.com/peppacheenee/wheels-on-the-bus-demo-02,
Soundcloud,https://soundcloud.com/codymusik/peppa-pig-theme-song-cover,
Soundcloud,https://soundcloud.com/user-555720991/peppa-pig-theme-song-piano-glitch-remix,
Soundcloud,https://soundcloud.com/peppapig-music/boo-boo-song-2-rockabye-baby,
Soundcloud,https://soundcloud.com/peppapig-music/the-beach-song-mary-mary-quite,
Soundcloud,https://soundcloud.com/peppapig-music/mandy-mouses-song-alouette,
Soundcloud,https://soundcloud.com/jonny-music-1/peppa-pig-theme-song-organ-cover,
Soundcloud,https://soundcloud.com/user-555720991/peppa-pig-remix,
Soundcloud,https://soundcloud.com/klklr/peppa-pig-theme-song,
Soundcloud,https://soundcloud.com/luke-saintilien/peppa-pig-theme-song-made-with-voicemod,
Soundcloud,https://soundcloud.com/smilezjr/peppa-pig-theme-song-remix-jr,
Soundcloud,https://soundcloud.com/user-769373783/peppa-pig-theme-song-sksksks-peppa,
Soundcloud,https://soundcloud.com/officialmylittlepony/time-to-be-awesome?in=travis-tovar-597031606/sets/my-little-pony,
Soundcloud,https://soundcloud.com/goosemlp1080hd/mlp-lotta-little-things?in=travis-tovar-597031606/sets/my-little-pony,
Soundcloud,https://soundcloud.com/cookiegalaxy/the-magic-of-friendship-grows?in=travis-tovar-597031606/sets/my-little-pony,
Soundcloud,https://soundcloud.com/meowmyandprrrver/find-a-pet-song-may-the-best-pet-win-my-little-pony?in=travis-tovar-597031606/sets/my-little-pony,
Soundcloud,https://soundcloud.com/collin-moen/acadeca-from-blu-ray-mlp-equestria-girls-friendship-games-hd?in=travis-tovar-597031606/sets/my-little-pony,
Soundcloud,https://soundcloud.com/rarity-official/becoming-popular?in=travis-tovar-597031606/sets/my-little-pony,
Soundcloud,https://soundcloud.com/officialmylittlepony/one-small-thing?in=travis-tovar-597031606/sets/my-little-pony,
Soundcloud,https://soundcloud.com/waltensophie/babs-seed?in=travis-tovar-597031606/sets/my-little-pony,
Soundcloud,https://soundcloud.com/red-971622156/tricks-up-my-sleeve-aria?in=travis-tovar-597031606/sets/my-little-pony,
Soundcloud,https://soundcloud.com/officialmylittlepony/we-got-this-together?in=travis-tovar-597031606/sets/my-little-pony,
Soundcloud,https://soundcloud.com/robbie-shaw-firehouse-tales-fan-no-1/pinkie-pie-my-little-pony-the-smile-song-tf-series-2-remixwith-vocals?in=travis-tovar-597031606/sets/my-little-pony,
Soundcloud,https://soundcloud.com/dvnik147/mlp-s04e25-youll-play-your-part?in=travis-tovar-597031606/sets/my-little-pony,
Soundcloud,https://soundcloud.com/ur_local_dum_candy_eatr/what-my-cutie-mark-is-telling-me-official-400-followers-anniversary?in=travis-tovar-597031606/sets/my-little-pony,
Soundcloud,https://soundcloud.com/rarity-official/art-of-the-dress?in=travis-tovar-597031606/sets/my-little-pony,
Soundcloud,https://soundcloud.com/rainbowdashofficial/awesome-as-i-want-to-be?in=travis-tovar-597031606/sets/my-little-pony,
Soundcloud,https://soundcloud.com/harvey-evans-280026964/so-much-more-to-me-1?in=travis-tovar-597031606/sets/my-little-pony,
Soundcloud,https://soundcloud.com/cher-cereza/we-will-stand-for-everfree-mlp-eg-legend-of-everfree-eng?in=travis-tovar-597031606/sets/my-little-pony,
Soundcloud,https://soundcloud.com/clownydaggers91/under-our-spell-mlp-equestria-girls-rainbow-rocks?in=travis-tovar-597031606/sets/my-little-pony,
Soundcloud,https://soundcloud.com/megan-messina-robotboysu-superfan237/mlp-eg-rainbow-rocks-lets-have?in=travis-tovar-597031606/sets/my-little-pony,
Soundcloud,https://soundcloud.com/xxpoley-xx/stop-the-bats-mlp?in=travis-tovar-597031606/sets/my-little-pony,
Soundcloud,https://soundcloud.com/fluttershy-16/equestria-girls-opening?in=user-792073687/sets/equestria-girls-all-songs,
Soundcloud,https://soundcloud.com/erwin-eros-396291035/cafeteria-song-helping-twilight-win-the-crown-mlp-equestria-girls?in=user-792073687/sets/equestria-girls-all-songs,
Soundcloud,https://soundcloud.com/user-360436056/time-to-come-together-1?in=user-792073687/sets/equestria-girls-all-songs,
Soundcloud,https://soundcloud.com/shadowderpy-bronie/this-is-our-big-night?in=user-792073687/sets/equestria-girls-all-songs,
Soundcloud,https://soundcloud.com/sparkle-fire/mlp-equestria-girls-a-friend-for-life?in=user-792073687/sets/equestria-girls-all-songs,
Soundcloud,https://soundcloud.com/gintoki-sensei/the-dazzlings-under-our-spell-1?in=user-792073687/sets/equestria-girls-all-songs,
Soundcloud,https://soundcloud.com/bandit1030/nightcore-tricks-up-my-sleeve?in=user-792073687/sets/equestria-girls-all-songs,
Soundcloud,https://soundcloud.com/discord89865/glass-of-water?in=jemma-203530840/sets/my-little-pony,
Soundcloud,https://soundcloud.com/goosemlp1080hd/mlp-a-changeling-can-change?in=jemma-203530840/sets/my-little-pony,
Soundcloud,https://soundcloud.com/cg5-beats/discord-remixcover?in=jemma-203530840/sets/my-little-pony,
Soundcloud,https://soundcloud.com/sparkle-fire/mlp-season-5-the-vote?in=jemma-203530840/sets/my-little-pony,
Soundcloud,https://soundcloud.com/peppapig-music/brush-your-teeth-incy-wincy?in=peppapig-music/sets/peppa-pig-nursery-rhymes,
Soundcloud,https://soundcloud.com/peppapig-music/happy-song-daisy-bell?in=peppapig-music/sets/peppa-pig-nursery-rhymes,
Soundcloud,https://soundcloud.com/peppapig-music/b5otltczgtyg,
Soundcloud,https://soundcloud.com/peppapig-music/ck8xuveymfc6,
Soundcloud,https://soundcloud.com/peppapig-music/6w3nszvblhcs,
Soundcloud,https://soundcloud.com/peppapig-music/4qevcdiozsh7,
Soundcloud,https://soundcloud.com/peppapig-music/n8z4rrosl4zy,
Soundcloud,https://soundcloud.com/peppapig-music/mekr6lbueyzv,
Soundcloud,https://soundcloud.com/peppapig-music/fnua4wj14gjb,
Soundcloud,https://soundcloud.com/blarptrip/smile-song,
Soundcloud,https://soundcloud.com/blarptrip/mlp-fim-music-apples-to-the-core,
Soundcloud,https://soundcloud.com/blarptrip/mlp-fim-at-the-gala,
Soundcloud,https://soundcloud.com/blarptrip/this-day-aria,
Soundcloud,https://soundcloud.com/blarptrip/love-is-in-bloom,
Soundcloud,https://soundcloud.com/user-629443201/izzy-what-are-you-doing,
Soundcloud,https://soundcloud.com/blarptrip/a-true-true-friend,
Soundcloud,https://soundcloud.com/blarptrip/winter-wrap-up,
Soundcloud,https://soundcloud.com/blarptrip/bbbff,
Soundcloud,https://soundcloud.com/blarptrip/the-balled-of-the-crystal-empire,
Soundcloud,https://soundcloud.com/blarptrip/all-for-the-love-of-trash-song,
Soundcloud,https://soundcloud.com/goosemlp1080hd/mlp-life-in-equestria,
Soundcloud,https://soundcloud.com/goosemlp1080hd/mlp-fim-hearths-warming-eve-is-here-once-again-reprise,
Soundcloud,https://soundcloud.com/goosemlp1080hd/mlp-hearths-warming-eve-is-here-once-again,
Soundcloud,https://soundcloud.com/remix-concept7/peppa-pig-muddy-puddles-techno?in=bhavna-talwar-1/sets/peppa-pig-birthday,
Soundcloud,https://soundcloud.com/scottbryanbuzzfeed/peppa-pig?in=bhavna-talwar-1/sets/peppa-pig-birthday,
Soundcloud,https://soundcloud.com/andymacdub/peppa-pig-george-and-the?in=bhavna-talwar-1/sets/peppa-pig-birthday,
Soundcloud,https://soundcloud.com/sonice74/peppa-pig-xmas-tune?in=bhavna-talwar-1/sets/peppa-pig-birthday,
Soundcloud,https://soundcloud.com/giovanni-decimo/peppa-pig-remix?in=bhavna-talwar-1/sets/peppa-pig-birthday,
Soundcloud,https://soundcloud.com/massimo-kktz-cocchetto/peppa-pig-metalized?in=bhavna-talwar-1/sets/peppa-pig-birthday,
Soundcloud,https://soundcloud.com/aflegg/peppa-pig-mr-potato?in=bhavna-talwar-1/sets/peppa-pig-birthday,
Soundcloud,https://soundcloud.com/industricon/peppa-pig-theme?in=bhavna-talwar-1/sets/peppa-pig-birthday,
Soundcloud,https://soundcloud.com/raining1123/peppapigs01e01muddy-puddles?in=raining1123/sets/peppa-pig-season-i,
Soundcloud,https://soundcloud.com/raining1123/peppapigs01e02mr-dinosaur-is-lost?in=raining1123/sets/peppa-pig-season-i,
Soundcloud,https://soundcloud.com/raining1123/peppapigs01e03best-friend?in=raining1123/sets/peppa-pig-season-i,
Soundcloud,https://soundcloud.com/ladvos/se-peppa-pig-season-episode-fullshow,
Soundcloud,https://soundcloud.com/user-191669591/fuck-peppa-pig-pt2,
Soundcloud,https://soundcloud.com/kayden-flores-20684183/peppa-pig-nj-jersey-club-remin,
Soundcloud,https://soundcloud.com/peppapig-music/la-chanson-boo-boo-2,
Soundcloud,https://soundcloud.com/user-98891739/sets/peppa-pig-2,
Soundcloud,https://soundcloud.com/nico-to-448877397/18-peppa-pig-season-4-recupero-chiavi,
Spotify,https://open.spotify.com/track/4Lp6k5QJ93u0f7xLyGESWT,
Spotify,https://open.spotify.com/artist/2gJLanGIV9JqQuKBCWy9ZG,
Spotify,https://open.spotify.com/album/7yczGle2QmWtyZs0nfswcC,
Spotify,https://open.spotify.com/album/3VphILLRkhLuIzIT7IysL0,
Spotify,https://open.spotify.com/album/39dixW9hkYVO62VUSNE1uE,
Spotify,https://open.spotify.com/album/3NgpZ5IcTDliEL03qYJZIj,
Spotify,https://open.spotify.com/album/7uypbRxwpd5LFfSgwqRKq8,
Spotify,https://open.spotify.com/album/1ZNOP3XJtjvo6rOA9dOOA2,
Spotify,https://open.spotify.com/album/0Qp4TicMY9Wqgn1oMiCuDj,
Spotify,https://open.spotify.com/album/2qNpIT27FlWXYTfEMVslNB,
Spotify,https://open.spotify.com/album/4YjOyRMSruY18wMbd0nacT,
Spotify,https://open.spotify.com/album/1z3S0gdCbTfQawClHMHTQ5,
TikTok,https://www.tiktok.com/@xpeppa.gangx/video/6734387043025145093,
TikTok,https://www.tiktok.com/@brandon_vining/video/6918867708633222402,
TikTok,https://www.tiktok.com/@laurett4_official/video/6811271387857095941,
TikTok,https://www.tiktok.com/@rich.fie/video/7036742682739395887,
TikTok,https://www.tiktok.com/@skskhehe/video/6727579232177753349,
TikTok,https://www.tiktok.com/@lightskinbakugos/photo/7323032693116079390,
TikTok,https://www.tiktok.com/@g.rrochi/photo/7352578218295119110,
TikTok,https://www.tiktok.com/@bowdashy/photo/7279934153959689504,
TikTok,https://www.tiktok.com/@jqmomlp/video/7326847696944303393,
TikTok,https://www.tiktok.com/@therainbooms_fin/video/7379893622050753824,
TikTok,https://www.tiktok.com/@omoribow/video/7351565808927018245,
TikTok,https://www.tiktok.com/@thegreatndpowerfultrixie/video/7337073316047424774,
TikTok,https://www.tiktok.com/@stvrlvve/video/7330690496190270752,
TikTok,https://www.tiktok.com/@armanditomlp/video/7380775131712343302,
TikTok,https://www.tiktok.com/@chris.mlp_collector/video/7303867244361157920,
TikTok,https://www.tiktok.com/@pidgequill/video/7371132615060884769,
TikTok,https://www.tiktok.com/@sumazumai/video/7374299137132530977,
TikTok,https://www.tiktok.com/@justthatrandomtiktokart/video/7357888987136134446,
TikTok,https://www.tiktok.com/@ageminifairy/video/7367062301398125866,
TikTok,https://www.tiktok.com/@potat.drawing/video/7352617351713393926,
TikTok,https://www.tiktok.com/@alditlkbcoa/video/7335933493244939525,
TikTok,https://www.tiktok.com/@kiki.memo/video/7353184432490138887,
TikTok,https://www.tiktok.com/@ageminifairy/video/7351476198075059487,
TikTok,https://www.tiktok.com/@marswuz/video/7333235961163271429,
TikTok,https://www.tiktok.com/@mylittleponyg4collection/video/7365520797026290976,
TikTok,https://www.tiktok.com/@dashings.s/video/7328899301734665473,
TikTok,https://www.tiktok.com/@ponydolls7/video/7362451128824368389,
TikTok,https://www.tiktok.com/@nina_nina550/video/7350454309257071904,
TikTok,https://www.tiktok.com/@anaelshy.mlp/video/7375313701349494021,
TikTok,https://www.tiktok.com/@mylittleponyg4collection/video/7365552266285239584,
TikTok,https://www.tiktok.com/@__myata.__/video/7335333261234769160,
TikTok,https://www.tiktok.com/@inkuhana/video/7340755761938566442,
TikTok,https://www.tiktok.com/@the05707/video/7346944397801426197,
TikTok,https://www.tiktok.com/@trimmedcandlewick/video/7334724475453263122,
TikTok,https://www.tiktok.com/@kazzy.chexx/video/7368377120273255688,
TikTok,https://www.tiktok.com/@ponyindotopic2/video/7352108925547777285,
TikTok,https://www.tiktok.com/@ponyindotopic2/video/7352440538714443014,
TikTok,https://www.tiktok.com/@ponyindotopic2/video/7363857541882924294,
TikTok,https://www.tiktok.com/@ponyindotopic2/video/7365305045530774789,
TikTok,https://www.tiktok.com/@ponyindotopic2/video/7375386141903621382,
TikTok,https://www.tiktok.com/@ponyindotopic2/video/7380908447350459653,
TikTok,https://www.tiktok.com/@ponyindotopic2/video/7367535160239066374,
YouTube,https://youtu.be/j2t8coBwq74?si=ZDN5rQQRfDB4n5rf,
YouTube,https://youtu.be/-jkjxz8a0pw?si=SprP0hOdAiXCQIuv,
YouTube,https://youtu.be/-jkjxz8a0pw?si=tH_u_TZdbNPwX9Dh,
YouTube,https://youtu.be/jSLjufRq-NY?si=IAmmIkIIXqwcRrn5,
YouTube,https://youtu.be/jzP47vyIHMQ?si=54sypFk6ogdlSmsi,
YouTube,https://youtu.be/jzP47vyIHMQ?si=z6idjn5Rxpp1-BEC,
YouTube,https://youtu.be/kS-Ep6QbuwQ?si=NG5C4X0wCQoJbUT-,
YouTube,https://youtu.be/kS-Ep6QbuwQ?si=UtHPHzxjD4NAQPw7,
YouTube,https://youtu.be/KWG82QjRDeU?si=w9UM39L7SnTlgBJy,
YouTube,https://youtu.be/lcumm_1enxE?si=kmzNBTKwNSjYd1Te,
YouTube,https://youtu.be/LMdiEUtAXPA?si=khMaji0W35Pzxh3_,
YouTube,https://youtu.be/LPeGWNkyR3Q?si=uBgbZirwMXNVyxS_,
YouTube,https://youtu.be/MVrrz8ZiGUw?si=iJNqhDCW_cct4vzY,
YouTube,https://youtu.be/MVrrz8ZiGUw?si=-mTbMOBkDGsaKlJA,
YouTube,https://youtu.be/nxiYNo2qXjY?si=aZBIAhCjsHVOokJh,
YouTube,https://youtu.be/on3kqizw_p0?si=NeA4HgXHXPkaBW1p,
YouTube,https://youtu.be/on3kqizw_p0?si=teMgWXT0hcjVUXSR,
YouTube,https://youtu.be/r1mWFRRL5Lc?si=aiaZVY-Xsz8KVKvZ,
YouTube,https://youtu.be/r1mWFRRL5Lc?si=KMonF9TLt945qaBf,
YouTube,https://youtu.be/r8WxnK1oJ1c?si=lwLR53DjasKZ8Kj2,
YouTube,https://youtu.be/RChPdq_1PvU?si=GFrpJImdWk_YamdI,
YouTube,https://youtu.be/sJ0UKHe7JVI?si=ad0vCd_jcN5zws0a,
YouTube,https://youtu.be/sJ0UKHe7JVI?si=kZtl0LgkkKe4vuH9,
YouTube,https://youtu.be/SjEtY8hoQtU?si=FQZnsaPnmVwdBLfs,
YouTube,https://youtu.be/SjEtY8hoQtU?si=z9j8ymIpykDQg6VX,
YouTube,https://youtu.be/tK7UiXxzxZA?si=valjp0wSPnTH7kYc,
YouTube,https://youtu.be/trfFr1WAwSs?si=2l3QhGyL6bt-bzdG,
YouTube,https://youtu.be/trfFr1WAwSs?si=cLtPUUVz5nRfPQcD,
YouTube,https://youtu.be/Uuh_HpHycro?si=5rxBgdhJtB3j6Lsw,
YouTube,https://youtu.be/UzTlhok_Lfc?si=GFXzQwUJN7vHV9IR,
YouTube,https://youtu.be/wal5le5he88?si=4pbs7kW6lQLlHsUi,
YouTube,https://youtu.be/wal5le5he88?si=xDmEO9SN1WaD0XaI,
YouTube,https://youtu.be/wAorrRMPVHg?si=pUpVOK5e9OS3G4Bc,
YouTube,https://youtu.be/wYHdSHM1HaU?si=W_8EK6vPe0t7rXnq,
YouTube,https://youtu.be/y5P9Lsej18s?si=dzRLIgd9xcvef6L5,
YouTube,https://youtu.be/y5P9Lsej18s?si=GGzv8T_-jprfFUk7,
YouTube,https://youtu.be/y5P9Lsej18s?si=UY1jtoE40jmbfBnH,
YouTube,https://youtu.be/yWAjiPPOgtc?si=FHFLY_dfW2Umsw7D,
YouTube,https://youtu.be/Z6vAyCpVhqc?si=Mn9w7EYq6VtYgIqp,
YouTube,https://youtu.be/Z6vAyCpVhqc?si=V-OakIO-XgwNXMin,
YouTube,https://www.youtube.com/watch?v=NUsletBu4-k,
YouTube,https://www.youtube.com/watch?v=qoDLcdwWx34,
YouTube,https://www.youtube.com/watch?v=SbbhQRnCEIo,
YouTube,https://www.youtube.com/watch?v=16R6CgqQXi4,
YouTube,https://www.youtube.com/watch?v=0ygqpAMerko,
YouTube,https://www.youtube.com/watch?v=coj8P495MKA&t=3837s,
YouTube,https://www.youtube.com/watch?v=oXJoiXyTIUk,
YouTube,https://www.youtube.com/watch?v=IdY0SIn1Icw,
YouTube,https://www.youtube.com/watch?v=KXhLrMCGnn8,
YouTube,https://www.youtube.com/watch?v=22kKChmiJrk,
YouTube,https://www.youtube.com/watch?v=4SQ0HHVXbnk,
YouTube,https://www.youtube.com/watch?v=uIhDgjVWE6k,
YouTube,https://www.youtube.com/watch?v=GJ_R8nOFVfg,
YouTube,https://www.youtube.com/watch?v=dqxw4m_EjcE,
YouTube,https://www.youtube.com/watch?v=5RKBkskVRlw,
YouTube,https://www.youtube.com/watch?v=zuiIrCAZMnk,
YouTube,https://www.youtube.com/watch?v=ZW_m3Ym5i-Q,
YouTube,https://www.youtube.com/watch?v=dP-NdzY3Zxc,
YouTube,https://www.youtube.com/watch?v=V-dKI2WkDv0,
YouTube,https://www.youtube.com/watch?v=53pq6haKCEQ,