platform,url,account,account_id,media_title,media_length
Daily Motion,https://www.dailymotion.com/video/x43oemw,Mitchellmontante46,,[German] Equestria Girls Rainbow Rocks | Welcome To The Show [HD],
Daily Motion,https://www.dailymotion.com/video/x2y6dhy,Cartoon Dance,,Peppa Pig Christmas Finger Family Cartoon   Nursery Rhyme   Full Animation HD DANCING,
Daily Motion,https://www.dailymotion.com/video/x35fqqk,Peppa Pig Finger Family,,Finger Family   Peppa Pig s Finger Family Nursery Rhyme Song,
Daily Motion,https://www.dailymotion.com/video/x3ser2e,Terencefaulkner63,,Peppa Pig Pizza Party Finger Family & More Nursery Rhymes,
Daily Motion,https://www.dailymotion.com/video/x43uriz,AlbaWhitley,,PEPPA PIG INSIDE OUT FINGER FAMILY LYRICS SONG / NURSERY RHYMES,
Daily Motion,https://www.dailymotion.com/video/x443qsg,Peppa Pig Finger Family,,Peppa Pig Finger Family   Peppa Pig Police Finger Family,
Daily Motion,https://www.dailymotion.com/video/x44h2ut,Peppa Pig Finger Family,,Peppa Elephant Finger Family | Peppa Pig Finger Family (Elephant )Nursery Rhymes,
Daily Motion,https://www.dailymotion.com/video/x44wtfz,Peppa Pig Finger Family,,Peppa Pig ninjja Family Finger / Nursery Rhymes Lyrics / Finger Famille / Nursery Rhymes Paroles,
Daily Motion,https://www.dailymotion.com/video/x45tqv8,Peppa Pig Finger Family,,peppa pig finger family,
Daily Motion,https://www.dailymotion.com/video/x46lz7m,Peppa Pig Official Channel,,FINGER FAMILY Pou Family Peppa Pig Minions TyZ Kids Channel,
Daily Motion,https://www.dailymotion.com/video/x4aqe65,Peppa Pig Finger Family,,PEPPA PIG  Finger Family  -PEPPA PIG Zootopia Finger Family  | Nursery Rhymes lyrics and more,
Daily Motion,https://www.dailymotion.com/video/x4cmrfb,AlbaWhitley,,Peppa Pig Finger Family Song Video! Finger Family Peppa Pig! Finger Family Nursery Rhyme Song!,
Daily Motion,https://www.dailymotion.com/video/x4darxe,Peppa Pig Baby,,Finger Family Peppa Pig The Boat Pond ♪ Nursery Rhymes For Children ♪ Kids TV,
Daily Motion,https://www.dailymotion.com/video/x4efitv,Peppa Pig Finger Family,,Peppa Pig and Pony Finger Family  by Pig Tv,
Daily Motion,https://www.dailymotion.com/video/x4f5rbr,Peppa Pig Songs 2,,Finger Family Peppa Pig Frozen Disney Princess Magiclip Palace Pets Ben and Holly,
Daily Motion,https://www.dailymotion.com/video/x4hu60x,AlbaWhitley,,Peppa Pig Finger Family Birthday Party \ Nursery Rhymes Lyrics and More,
Daily Motion,https://www.dailymotion.com/video/x57hxrj,Charlesirving27,,Pepa Pig Masquerade Finger Family | Nursery Rhymes Lyrics,
Daily Motion,https://www.dailymotion.com/video/x583sgu,Frederickpeacocke27,,Pepa Pig Superman Finger Family Nursery Rhymes and More Lyrics,
Daily Motion,https://www.dailymotion.com/video/x58sob8,Vincenzonmcmillian26,,Peppa Pig and Friends Finger Family | kids songs | daddy pig nursery rhymes for children,
Daily Motion,https://www.dailymotion.com/video/x222bxq,rocket pinkie pie,,my little pony este dia aria|oficial,
Daily Motion,https://www.dailymotion.com/video/x32b0q3,Murl Alize,,♪ Este día es Perfecto ♪ - My Little Pony: La magia de la Amistad,
Daily Motion,https://www.dailymotion.com/video/x3adfjt,Mfbvjfn Lkkk2015,,My Little pony Love is in Bloom (Greek),
Daily Motion,https://www.dailymotion.com/video/x3adoym,As Dyjg2015,,My Little Pony: Arkadaşlık Sihirlidir | Love is in Bloom Turkish,
Daily Motion,https://www.dailymotion.com/video/x3c960m,Sara Claire,,MLP: FiM Este Día Será Perfecto (This Day Aria) [Español Latino],
Daily Motion,https://www.dailymotion.com/video/x3kevvq,My Little Pony Official,,"MLP FiM S2 E26 A Canterlot Wedding Pt. 2 - This Day Aria, Part 1 Cadence Aria",
Daily Motion,https://www.dailymotion.com/video/x3o43um,anime tv series,,Song The Spectacle Razzle Dazzle   My little Pony The Mane Attraction,
Daily Motion,https://www.dailymotion.com/video/x40ffbj,Cindashirl7614,,Finger Family Team Umizoomi | Nursery Rhymes for Children | Finger Family Kids Song 2,
Daily Motion,https://www.dailymotion.com/video/x43rggm,Augustinefisher63,,PBS Kids Shows 4K Video Finger Family Songs!,
Daily Motion,https://www.dailymotion.com/video/x44bh62,Deborahcurd73,,My Little Pony: Friendship is Magic - Apples to the Core [HD],
Daily Motion,https://www.dailymotion.com/video/x55lxrg,Weloyulur,,Higglytown Heroes Daddy Finger Family Song!,
